{% import 'Gateway/Freeswitch/templates/function.twig' as freeswitch %}
{
  "application_id": "{{ application.application_id }}",
  "input": {
    "failure_causes": "NORMAL_CLEARING",
    "transfer_on_fail": "'UNALLOCATED_NUMBER auto_cause xml ictcore_fail'",
    "api_hangup_hook": "'lua /usr/ictcore/bin/freeswitch/spool_failed.lua {{ transmission.spool.spool_id }} {{ application.application_id }} error'",
    "session_in_hangup_hook": "true",
    "continue_on_fail": "true",
    "ignore_early_media": "true",
    "codec_string": "'PCMU,PCMA'",
    "spool_status": "connected",
    "spool_id": "{{ transmission.spool.spool_id }}",
    "disconnect_application_id": "{{ application.disconnect_application_id }}",
    "origination_caller_id_number": "{{ application.source }}",
    "origination_caller_id_name": "{{ application.source }}",
    "application_result": "success"
  },
  "output": {
    "status": "spool_status",
    "result": "application_result"
  },
  "batch": [
    {
      "name": "bgapi originate",
      "data": "sofia/gateway/{{ provider.name }}/{{ freeswitch.set_prefix(application.destination, provider.prefix) }} '&lua(/usr/ictcore/bin/freeswitch/application.lua {{ transmission.spool.spool_id }} {{ application.application_id }} success)'"
    },
    {
      "name": "lua",
      "data": "/usr/ictcore/bin/freeswitch/spool_failed.lua {{ transmission.spool.spool_id }} {{ application.application_id }} error"
    }
  ]
}
